Workbook

Sheet Sprint 1
A1: Project name: | C1: MOVIX | F1: Kết thúc đúng hạn
A2: Module name: | C2: Sprint 1 | F2: Muộn
A3: Start date: | C3: 46103 | F3: Trước thời hạn
A4: End date: | C4: 46117
B6: SPRINT 1 REPORT
B7: No | C7: Thành viên | D7: Thực tế | E7: Ước tính
B8: 1 | C8: Phạm Quốc Hiệu | D8: =SUMIF($E$16:$F$84,"Hiệu",$G$16:$G$84)+SUMIF($E$16:$F$84,"All team",$G$16:$G$84)/5+SUMIF($E$16:$F$84,"Hiệu, Vinh",$G$16:$G$84)/2 -> 44.8 | E8: =SUMIF($E$16:$F$84,"Hiệu",$H$16:$H$84)+SUMIF($E$16:$F$84,"All team",$H$16:$H$84)/5+SUMIF($E$16:$F$84,"Hiệu, Vinh",$H$16:$H$84)/2 -> 44
B9: 2 | C9: Nguyễn Tam Minh Thức | D9: =SUMIF($E$16:$F$84,"Thức",$G$16:$G$84)+SUMIF($E$16:$F$84,"All team",$G$16:$G$84)/5+SUMIF($E$16:$F$84,"Thức,Việt,Vinh,Tài",$G$16:$G$84)/4 -> 18.8 | E9: =SUMIF($E$16:$F$84,"Thức",$H$16:$H$84)+SUMIF($E$16:$F$84,"All team",$H$16:$H$84)/5+SUMIF($E$16:$F$84,"Thức,Việt,Vinh,Tài",$H$16:$H$84)/4 -> 20.5
B10: 3 | C10: Lý Thái Tài | D10: =SUMIF($E$16:$F$84,"Tài",$G$16:$G$84)+SUMIF($E$16:$F$84,"All team",$G$16:$G$84)/5+SUMIF($E$16:$F$84,"Thức,Việt,Vinh,Tài",$G$16:$G$84)/4 -> 21.8 | E10: =SUMIF($E$16:$F$84,"Tài",$H$16:$H$84)+SUMIF($E$16:$F$84,"All team",$H$16:$H$84)/5+SUMIF($E$16:$F$84,"Thức,Việt,Vinh,Tài",$H$16:$H$84)/4 -> 24.5
B11: 4 | C11: Hoàng Đình Vinh | D11: =SUMIF($E$16:$F$84,"Vinh",$G$16:$G$84)+SUMIF($E$16:$F$84,"All team",$G$16:$G$84)/5+SUMIF($E$16:$F$84,"Thức,Việt,Vinh,Tài",$G$16:$G$84)/4+SUMIF($E$16:$F$84,"Hiệu, Vinh",$G$16:$G$84)/2 -> 23.8 | E11: =SUMIF($E$16:$F$84,"Vinh",$H$16:$H$84)+SUMIF($E$16:$F$84,"All team",$H$16:$H$84)/5+SUMIF($E$16:$F$84,"Thức,Việt,Vinh,Tài",$H$16:$H$84)/4+SUMIF($E$16:$F$84,"Hiệu, Vinh",$H$16:$H$84)/2 -> 26.5
B12: 5 | C12: Doãn Thanh Việt | D12: =SUMIF($E$16:$F$84,"Việt",$G$16:$G$84)+SUMIF($E$16:$F$84,"All team",$G$16:$G$84)/5+SUMIF($E$16:$F$84,"Thức,Việt,Vinh,Tài",$G$16:$G$84)/4 -> 16.8 | E12: =SUMIF($E$16:$F$84,"Việt",$H$16:$H$84)+SUMIF($E$16:$F$84,"All team",$H$16:$H$84)/5+SUMIF($E$16:$F$84,"Thức,Việt,Vinh,Tài",$H$16:$H$84)/4 -> 18.5
B13: Tổng | D13: =SUM(D8:D12) -> 126 | E13: =SUM(E8:E12) -> 134
A15: Sprint | B15: Compoment | C15: Task name | E15: Responsible Member | G15: Thực tế | H15: Ước tính | I15: 46103 | J15: 46104 | K15: 46105 | L15: 46106 | M15: 46107 | N15: 46108 | O15: 46109 | P15: 46110 | Q15: 46111 | R15: 46112 | S15: 46113 | T15: 46114 | U15: 46115 | V15: 46116 | W15: 46117 | X15: 46118
A16: Sprint 1 | B16: Họp kế hoạch Sprint | E16: All team | G16: 10 | H16: 10 | I16: 1 | J16: 0 | K16: 0 | L16: 0 | M16: 0 | N16: 0 | O16: 0 | P16: 0 | Q16: 0 | R16: 0 | S16: 0 | T16: 0 | U16: 0 | V16: 0 | W16: 0 | X16: 0
B17: Tạo Sprint Backlog 1 | E17: Tài | G17: 4 | H17: 4 | I17: 4 | J17: 4 | K17: 0 | L17: 0 | M17: 0 | N17: 0 | O17: 0 | P17: 0 | Q17: 0 | R17: 0 | S17: 0 | T17: 0 | U17: 0 | V17: 0 | W17: 0 | X17: 0
B18: Tạo tài liệu kiểm thử cho Sprint | E18: Thức,Việt,Vinh,Tài | G18: 4 | H18: 4 | I18: 4 | J18: 4 | K18: 0 | L18: 0 | M18: 0 | N18: 0 | O18: 0 | P18: 0 | Q18: 0 | R18: 0 | S18: 0 | T18: 0 | U18: 0 | V18: 0 | W18: 0 | X18: 0
B19: User interface design | C19: Giao diện Đăng nhập | E19: Vinh | G19: 1 | H19: 1 | I19: 1 | J19: 1 | K19: 1 | L19: 0 | N19: 0 | O19: 0 | P19: 0 | Q19: 0 | R19: 0 | S19: 0 | T19: 0 | U19: 0 | V19: 0 | W19: 0 | X19: 0
C20: Giao diện Đăng ký | E20: Vinh | G20: 1 | H20: 1 | I20: 1 | J20: 1 | K20: 1 | L20: 0 | M20: 0 | N20: 0 | O20: 0 | P20: 0 | Q20: 0 | R20: 0 | S20: 0 | T20: 0 | U20: 0 | V20: 0 | W20: 0 | X20: 0
C21: Giao diện Danh sách phim | E21: Thức | G21: 1 | H21: 2 | I21: 2 | J21: 2 | K21: 1 | L21: 0 | M21: 0 | N21: 0 | O21: 0 | P21: 0 | Q21: 0 | R21: 0 | S21: 0 | T21: 0 | U21: 0 | V21: 0 | W21: 0 | X21: 0
L22: 1
C23: Giao diện Chi tiết phim | E23: Vinh | G23: 1 | H23: 2 | I23: 2 | J23: 2 | K23: 1 | L23: 0 | M23: 0 | N23: 0 | O23: 0 | P23: 0 | Q23: 0 | R23: 0 | S23: 0 | T23: 0 | U23: 0 | V23: 0 | W23: 0 | X23: 0
L24: 1
C25: Giao diện Tìm kiếm phim | E25: Thức | G25: 1 | H25: 1 | I25: 1 | J25: 1 | K25: 1 | L25: 0 | M25: 0 | N25: 0 | O25: 0 | P25: 0 | Q25: 0 | R25: 0 | S25: 0 | T25: 0 | U25: 0 | V25: 0 | W25: 0 | X25: 0
C26: Giao diện Quản lý phim | E26: Tài | G26: 2 | H26: 2 | I26: 2 | J26: 2 | K26: 2 | L26: 0 | M26: 0 | N26: 0 | O26: 0 | P26: 0 | Q26: 0 | R26: 0 | S26: 0 | T26: 0 | U26: 0 | V26: 0 | W26: 0 | X26: 0
C27: Giao diện Quản lý rạp chiếu | E27: Thức | G27: 2 | H27: 2 | I27: 2 | J27: 2 | K27: 2 | L27: 0 | M27: 0 | N27: 0 | O27: 0 | P27: 0 | Q27: 0 | R27: 0 | S27: 0 | T27: 0 | U27: 0 | V27: 0 | W27: 0 | X27: 0
C28: Review all user interfaces of sprint 1 | E28: All team | G28: 6 | H28: 10 | I28: 10 | J28: 10 | K28: 10 | L28: 6 | M28: 0 | N28: 0 | O28: 0 | P28: 0 | Q28: 0 | R28: 0 | S28: 0 | T28: 0 | U28: 0 | V28: 0 | W28: 0 | X28: 0
M29: 4
B30: Design test case | C30: Thiết kế trường kiểm thử cho Đăng nhập | E30: Việt | G30: 1 | H30: 1 | I30: 1 | J30: 1 | K30: 1 | L30: 1 | M30: 1 | N30: 0 | O30: 0 | P30: 0 | Q30: 0 | R30: 0 | S30: 0 | T30: 0 | U30: 0 | V30: 0 | W30: 0 | X30: 0
C31: Thiết kế trường kiểm thử cho Đăng ký | E31: Tài | G31: 1 | H31: 1 | I31: 1 | J31: 1 | L31: 1 | M31: 1 | N31: 0 | O31: 0 | P31: 0 | Q31: 0 | R31: 0 | S31: 0 | T31: 0 | U31: 0 | V31: 0 | W31: 0 | X31: 0
C32: Thiết kế trường kiểm thử cho Danh sách phim | E32: Thức | G32: 1 | H32: 1 | I32: 1 | J32: 1 | K32: 1 | L32: 1 | M32: 1 | N32: 0 | O32: 0 | P32: 0 | Q32: 0 | R32: 0 | S32: 0 | T32: 0 | U32: 0 | V32: 0 | W32: 0 | X32: 0
C33: Thiết kế trường kiểm thử cho Chi tiết phim | E33: Tài | G33: 1 | H33: 1 | I33: 1 | J33: 1 | K33: 1 | L33: 1 | M33: 1 | N33: 0 | O33: 0 | P33: 0 | Q33: 0 | R33: 0 | S33: 0 | T33: 0 | U33: 0 | V33: 0 | W33: 0 | X33: 0
C34: Thiết kế trường kiểm thử cho Tìm kiếm phim | E34: Việt | G34: 1 | H34: 1 | I34: 1 | J34: 1 | K34: 1 | L34: 1 | M34: 1 | N34: 0 | O34: 0 | P34: 0 | Q34: 0 | R34: 0 | S34: 0 | T34: 0 | U34: 0 | V34: 0 | W34: 0 | X34: 0
C35: Thiết kế trường kiểm thử cho Quản lý phim | E35: Vinh | G35: 2 | H35: 2 | I35: 2 | J35: 2 | K35: 2 | L35: 2 | M35: 2 | N35: 0 | O35: 0 | P35: 0 | Q35: 0 | R35: 0 | S35: 0 | T35: 0 | U35: 0 | V35: 0 | W35: 0 | X35: 0
C36: Thiết kế trường kiểm thử cho Quản lý rạp chiếu | E36: Vinh | G36: 2 | H36: 2 | I36: 2 | J36: 2 | K36: 2 | L36: 2 | M36: 2 | N36: 0 | O36: 0 | P36: 0 | Q36: 0 | R36: 0 | S36: 0 | T36: 0 | U36: 0 | V36: 0 | W36: 0 | X36: 0
C37: Review all test case of sprint 1 | E37: All team | G37: 8 | H37: 10 | I37: 10 | J37: 10 | K37: 10 | L37: 10 | M37: 10 | N37: 8 | O37: 0 | P37: 0 | Q37: 0 | R37: 0 | S37: 0 | T37: 0 | U37: 0 | V37: 0 | W37: 0 | X37: 0
O38: 2
B39: Coding | C39: Code back-end cho Đăng nhập | E39: Hiệu | G39: 2 | H39: 2 | I39: 2 | J39: 2 | K39: 2 | L39: 2 | M39: 2 | N39: 2 | O39: 2 | P39: 0 | Q39: 0 | R39: 0 | S39: 0 | T39: 0 | U39: 0 | V39: 0 | W39: 0 | X39: 0
C40: Code front-end cho Đăng nhập | E40: Hiệu | G40: 2 | H40: 2 | I40: 2 | J40: 2 | K40: 2 | L40: 2 | M40: 2 | N40: 2 | O40: 2 | P40: 0 | Q40: 0 | R40: 0 | S40: 0 | T40: 0 | U40: 0 | V40: 0 | W40: 0 | X40: 0
C41: Code back-end cho Đăng ký | E41: Hiệu | G41: 2 | H41: 2 | I41: 2 | J41: 2 | K41: 2 | L41: 2 | M41: 2 | N41: 2 | O41: 2 | P41: 0 | Q41: 0 | R41: 0 | S41: 0 | T41: 0 | U41: 0 | V41: 0 | W41: 0 | X41: 0
C42: Code front-end cho Đăng ký | E42: Hiệu | G42: 2 | H42: 2 | I42: 2 | J42: 2 | K42: 2 | L42: 2 | M42: 2 | N42: 2 | O42: 2 | P42: 0 | Q42: 0 | R42: 0 | S42: 0 | T42: 0 | U42: 0 | V42: 0 | W42: 0 | X42: 0
C43: Code back-end cho Danh sách phim | E43: Hiệu | G43: 2 | H43: 2 | I43: 2 | J43: 2 | K43: 2 | L43: 2 | M43: 2 | N43: 2 | O43: 2 | P43: 2 | Q43: 0 | R43: 0 | S43: 0 | T43: 0 | U43: 0 | V43: 0 | W43: 0 | X43: 0
C44: Code front-end cho Danh sách phim | E44: Hiệu | G44: 2 | H44: 2 | I44: 2 | J44: 2 | K44: 2 | L44: 2 | M44: 2 | N44: 2 | O44: 2 | P44: 2 | Q44: 0 | R44: 0 | S44: 0 | T44: 0 | U44: 0 | V44: 0 | W44: 0 | X44: 0
C45: Code back-end cho Chi tiết phim | E45: Hiệu | G45: 2 | H45: 2 | I45: 2 | J45: 2 | K45: 2 | L45: 2 | M45: 2 | N45: 2 | O45: 2 | P45: 2 | Q45: 0 | R45: 0 | S45: 0 | T45: 2 | U45: 0 | V45: 0 | W45: 0 | X45: 0
C46: Code front-end cho Chi tiết phim | E46: Hiệu | G46: 2 | H46: 2 | I46: 2 | J46: 2 | K46: 2 | L46: 2 | M46: 2 | N46: 2 | O46: 2 | P46: 2 | Q46: 0 | R46: 0 | S46: 0 | T46: 0 | U46: 0 | V46: 0 | W46: 0 | X46: 0
C47: Code back-end cho Tìm kiếm phim | E47: Hiệu | G47: 1 | H47: 1 | I47: 1 | J47: 1 | K47: 1 | L47: 1 | M47: 1 | N47: 1 | O47: 1 | P47: 1 | Q47: 1 | R47: 0 | S47: 0 | T47: 0 | U47: 0 | V47: 0 | W47: 0 | X47: 0
C48: Code front-end cho Tìm kiếm phim | E48: Hiệu | G48: 1 | H48: 1 | I48: 4 | J48: 4 | K48: 4 | L48: 4 | M48: 4 | N48: 4 | O48: 4 | P48: 4 | Q48: 4 | R48: 0 | S48: 0 | T48: 0 | U48: 0 | V48: 0 | W48: 0 | X48: 0
C49: Code back-end cho Quản lý phim | E49: Hiệu | G49: 4 | H49: 4 | I49: 4 | J49: 4 | K49: 4 | L49: 4 | M49: 4 | N49: 4 | O49: 4 | P49: 4 | Q49: 4 | R49: 0 | S49: 0 | T49: 0 | U49: 0 | V49: 0 | W49: 0 | X49: 0
C50: Code front-end cho Quản lý phim | E50: Hiệu | G50: 4 | H50: 2 | I50: 2 | J50: 2 | K50: 2 | L50: 2 | M50: 2 | N50: 2 | O50: 2 | P50: 2 | Q50: 2 | R50: 0 | S50: 0 | T50: 0 | U50: 0 | V50: 0 | W50: 0 | X50: 0
R51: 2
C52: Code back-end cho Quản lý rạp chiếu | E52: Hiệu | G52: 4 | H52: 4 | I52: 4 | J52: 4 | K52: 4 | L52: 4 | M52: 4 | N52: 4 | O52: 4 | P52: 4 | Q52: 4 | R52: 4 | S52: 0 | T52: 0 | U52: 0 | V52: 0 | W52: 0 | X52: 0
C53: Code front-end cho Quản lý rạp chiếu | E53: Hiệu | G53: 4 | H53: 4 | I53: 4 | J53: 4 | K53: 4 | L53: 4 | M53: 4 | N53: 4 | O53: 4 | P53: 4 | Q53: 4 | R53: 4 | S53: 0 | T53: 0 | U53: 0 | V53: 0 | W53: 0 | X53: 0
C54: Integrate code | E54: Thức,Việt,Vinh,Tài | G54: 8 | H54: 10 | I54: 10 | J54: 10 | K54: 10 | L54: 10 | M54: 10 | N54: 10 | O54: 10 | P54: 10 | Q54: 10 | R54: 10 | S54: 8 | T54: 0 | U54: 0 | V54: 0 | W54: 0 | X54: 0
T55: 2
B56: Testing | C56: Kiểm tra Đăng nhập | E56: Việt | G56: 1 | H56: 1 | I56: 1 | J56: 1 | K56: 1 | L56: 1 | M56: 1 | N56: 1 | O56: 1 | P56: 1 | Q56: 1 | R56: 1 | S56: 1 | T56: 1 | U56: 0 | V56: 0 | W56: 0 | X56: 0
C57: Kiểm tra Đăng ký | E57: Tài | G57: 1 | H57: 1 | I57: 1 | J57: 1 | K57: 1 | L57: 1 | M57: 1 | N57: 1 | O57: 1 | P57: 1 | Q57: 1 | R57: 1 | S57: 1 | T57: 1 | U57: 0 | V57: 0 | W57: 0 | X57: 0
C58: Kiểm tra Danh sách phim | E58: Thức | G58: 1 | H58: 1 | I58: 1 | J58: 1 | K58: 1 | L58: 1 | M58: 1 | N58: 1 | O58: 1 | P58: 1 | Q58: 1 | R58: 1 | S58: 1 | T58: 1 | U58: 0 | V58: 0 | W58: 0 | X58: 0
C59: Kiểm tra Chi tiết phim | E59: Tài | G59: 1 | H59: 1 | I59: 1 | J59: 1 | K59: 1 | L59: 1 | M59: 1 | N59: 1 | O59: 1 | P59: 1 | Q59: 1 | R59: 1 | S59: 1 | T59: 1 | U59: 0 | V59: 0 | W59: 0 | X59: 0
C60: Kiểm tra Tìm kiếm phim | E60: Việt | G60: 1 | H60: 1 | I60: 1 | J60: 1 | K60: 1 | L60: 1 | M60: 1 | N60: 1 | O60: 1 | P60: 1 | Q60: 1 | R60: 1 | S60: 1 | T60: 1 | U60: 0 | V60: 0 | W60: 0 | X60: 0
C61: Kiểm tra Quản lý phim | E61: Vinh | G61: 2 | H61: 1 | I61: 1 | J61: 1 | K61: 1 | L61: 1 | M61: 1 | N61: 1 | O61: 1 | P61: 1 | Q61: 1 | R61: 1 | S61: 1 | T61: 1 | U61: 0 | V61: 0 | W61: 0 | X61: 0
U62: 1
C63: Kiểm tra Quản lý rạp chiếu | E63: Thức | G63: 2 | H63: 1 | I63: 1 | J63: 1 | K63: 1 | L63: 1 | M63: 1 | N63: 1 | O63: 1 | P63: 1 | Q63: 1 | R63: 1 | S63: 1 | T63: 1 | U63: 0 | V63: 0 | W63: 0 | X63: 0
U64: 1
B65: Fix Bug | C65: Sửa lỗi Đăng nhập | E65: Hiệu, Vinh | G65: 1 | H65: 1 | I65: 1 | J65: 1 | K65: 1 | L65: 1 | M65: 1 | N65: 1 | O65: 1 | P65: 1 | Q65: 1 | R65: 1 | S65: 1 | T65: 1 | U65: 1 | V65: 0 | W65: 0 | X65: 0
C66: Sửa lỗi Đăng ký | E66: Hiệu, Vinh | G66: 1 | H66: 1 | I66: 1 | J66: 1 | K66: 1 | L66: 1 | M66: 1 | N66: 1 | O66: 1 | P66: 1 | Q66: 1 | R66: 1 | S66: 1 | T66: 1 | U66: 1 | V66: 0 | W66: 0 | X66: 0
C67: Sửa lỗi Danh sách phim | E67: Hiệu, Vinh | G67: 1 | H67: 1 | I67: 1 | J67: 1 | K67: 1 | L67: 1 | M67: 1 | N67: 1 | O67: 1 | P67: 1 | Q67: 1 | R67: 1 | S67: 1 | T67: 1 | U67: 1 | V67: 0 | W67: 0
C68: Sửa lỗi Chi tiết phim | E68: Hiệu, Vinh | G68: 1 | H68: 1 | I68: 1 | J68: 1 | K68: 1 | L68: 1 | M68: 1 | N68: 1 | O68: 1 | P68: 1 | Q68: 1 | R68: 1 | S68: 1 | T68: 1 | U68: 1 | V68: 0 | W68: 0 | X68: 0
C69: Sửa lỗi Tìm kiếm phim | E69: Hiệu, Vinh | G69: 1 | H69: 1 | I69: 1 | J69: 1 | K69: 1 | L69: 1 | M69: 1 | N69: 1 | O69: 1 | P69: 1 | Q69: 1 | R69: 1 | S69: 1 | T69: 1 | U69: 1 | V69: 0 | W69: 0 | X69: 0
C70: Sửa lỗi Quản lý phim | E70: Hiệu, Vinh | G70: 2 | H70: 1 | I70: 1 | J70: 1 | K70: 1 | L70: 1 | M70: 1 | N70: 1 | O70: 1 | P70: 1 | Q70: 1 | R70: 1 | S70: 1 | T70: 1 | U70: 1 | V70: 0 | W70: 0 | X70: 0
V71: 1
C72: Sửa lỗi Quản lý rạp chiếu | E72: Hiệu, Vinh | G72: 1 | H72: 2 | I72: 2 | J72: 2 | K72: 2 | L72: 2 | M72: 2 | N72: 2 | O72: 2 | P72: 2 | Q72: 2 | R72: 2 | S72: 2 | T72: 2 | U72: 1 | V72: 0 | W72: 0 | X72: 0
V73: 1
B74: Re-testing | C74: Kiểm tra lại Đăng nhập | E74: Việt | G74: 1 | H74: 1 | I74: 1 | J74: 1 | K74: 1 | L74: 1 | M74: 1 | N74: 1 | O74: 1 | P74: 1 | Q74: 1 | R74: 1 | S74: 1 | T74: 1 | U74: 1 | V74: 1 | W74: 0 | X74: 0
C75: Kiểm tra lại Đăng ký | E75: Tài | G75: 1 | H75: 1 | I75: 1 | J75: 1 | K75: 1 | L75: 1 | M75: 1 | N75: 1 | O75: 1 | P75: 1 | Q75: 1 | R75: 1 | S75: 1 | T75: 1 | U75: 1 | V75: 1 | W75: 0 | X75: 0
C76: Kiểm tra lại Danh sách phim | E76: Thức | G76: 1 | H76: 1 | I76: 1 | J76: 1 | K76: 1 | L76: 1 | M76: 1 | N76: 1 | O76: 1 | P76: 1 | Q76: 1 | R76: 1 | S76: 1 | T76: 1 | U76: 1 | V76: 1 | W76: 0 | X76: 0
C77: Kiểm tra lại Chi tiết phim | E77: Việt | G77: 1 | H77: 1 | I77: 1 | J77: 1 | K77: 1 | L77: 1 | M77: 1 | N77: 1 | O77: 1 | P77: 1 | Q77: 1 | R77: 1 | S77: 1 | T77: 1 | U77: 1 | V77: 1 | W77: 0 | X77: 0
C78: Kiểm tra lại Tìm kiếm phim | E78: Việt | G78: 1 | H78: 1 | I78: 1 | J78: 1 | K78: 1 | L78: 1 | M78: 1 | N78: 1 | O78: 1 | P78: 1 | Q78: 1 | R78: 1 | S78: 1 | T78: 1 | U78: 1 | V78: 1 | W78: 0 | X78: 0
C79: Kiểm tra lại Quản lý phim | E79: Vinh | G79: 1 | H79: 2 | I79: 2 | J79: 2 | K79: 2 | L79: 2 | M79: 2 | N79: 2 | O79: 2 | P79: 2 | Q79: 2 | R79: 2 | S79: 2 | T79: 2 | U79: 2 | V79: 1 | W79: 0 | X79: 0
W80: 1
C81: Kiểm tra lại Quản lý rạp chiếu | E81: Tài | G81: 1 | H81: 2 | I81: 2 | J81: 2 | K81: 2 | L81: 2 | M81: 2 | N81: 2 | O81: 2 | P81: 2 | Q81: 2 | R81: 2 | S81: 2 | T81: 2 | U81: 2 | V81: 1 | W81: 0 | X81: 0
W82: 1
B83: Release Sprint 1 | C83: Sprint 1 review meeting | E83: All team | G83: 5 | H83: 5 | I83: 5 | J83: 5 | K83: 5 | L83: 5 | M83: 5 | N83: 5 | O83: 5 | P83: 5 | Q83: 5 | R83: 5 | S83: 5 | T83: 5 | U83: 5 | V83: 5 | W83: 5 | X83: 0
C84: Sprint 1 retrospective | E84: All team | G84: 5 | H84: 5 | I84: 5 | J84: 5 | K84: 5 | L84: 5 | M84: 5 | N84: 5 | O84: 5 | P84: 5 | Q84: 5 | R84: 5 | S84: 5 | T84: 5 | U84: 5 | V84: 5 | W84: 5 | X84: 0
B85: Tổng | E85: Thực tế | G85: =SUM(G16:G84) -> 126 | I85: =SUM(I16:I84) -> 128 | J85: =SUM(J16:J84) -> 127 | K85: =SUM(K16:K84) -> 116 | L85: =SUM(L16:L84)-2 -> 104 | M85: =SUM(M16:M84)-4 -> 98 | N85: =SUM(N16:N84) -> 87 | O85: =SUM(O16:O84)-2 -> 79 | P85: =SUM(P16:P84) -> 71 | Q85: =SUM(Q16:Q84)+2 -> 65 | R85: =SUM(R16:R84)+2 -> 56 | S85: =SUM(S16:S84)-2 -> 40 | T85: =SUM(T16:T84)-2 -> 36 | U85: =SUM(U16:U84)+2 -> 30 | V85: =SUM(V16:V84) -> 19 | W85: =SUM(W16:W84)-2 -> 10 | X85: =SUM(X16:X84) -> 0
E86: Ước tính | G86: =SUM(H16:H84) -> 134 | I86: =SUM(I16:I84) -> 128 | J86: =SUM(J16:J84) -> 127 | K86: =SUM(K16:K84) -> 116 | L86: =SUM(L16:L84) -> 106 | M86: =SUM(M16:M84) -> 102 | N86: =SUM(N16:N84)-N29 -> 87 | O86: =SUM(O16:O84) -> 81 | P86: =SUM(P16:P84) -> 71 | Q86: =SUM(Q16:Q84) -> 63 | R86: =SUM(R16:R84) -> 54 | S86: =SUM(S16:S84) -> 42 | T86: =SUM(T16:T84) -> 38 | U86: =SUM(U16:U84) -> 28 | V86: =SUM(V16:V84) -> 19 | ... X86: =SUM(X16:X84) -> 0

Sheet Sprint 2
A1: Project name: | C1: MOVIX | G1: Kết thúc đúng hạn
A2: Module name: | C2: Sprint 2 | G2: Muộn
A3: Start date: | C3: 46118 | G3: Trước thời hạn
A4: End date: | C4: 46133
B6: SPRINT 2 REPORT
B7: No | C7: Thành viên | D7: Thực tế | E7: Ước tính
B8: 1 | C8: Phạm Quốc Hiệu | D8: =SUMIF($D$16:$D$79,"Hiệu",$F$16:$F$79)+SUMIF($D$16:$D$79,"All team",$F$16:$F$79)/5+SUMIF($D$16:$D$79,"Hiệu,Thức",$F$16:$F$79)/2 -> 39.8 | E8: =SUMIF($D$16:$D$79,"Hiệu",$G$16:$G$79)+SUMIF($D$16:$D$79,"All team",$G$16:$G$79)/5+SUMIF($D$16:$D$79,"Hiệu,Thức",$G$16:$G$79)/2 -> 39
B9: 2 | C9: Nguyễn Tam Minh Thức | D9: =SUMIF($D$16:$D$79,"Thức",$F$16:$F$79)+SUMIF($D$16:$D$79,"All team",$F$16:$F$79)/5+SUMIF($D$16:$D$79,"Thức,Tài",$F$16:$F$79)/2+SUMIF($D$16:$D$79,"Hiệu,Thức",$F$16:$F$79)/2 -> 21.8 | E9: =SUMIF($D$16:$D$79,"Thức",$G$16:$G$79)+SUMIF($D$16:$D$79,"All team",$G$16:$G$79)/5+SUMIF($D$16:$D$79,"Thức,Tài",$G$16:$G$79)/2+SUMIF($D$16:$D$79,"Hiệu,Thức",$G$16:$G$79)/2 -> 21
B10: 3 | C10: Lý Thái Tài | D10: =SUMIF($D$16:$D$79,"Tài",$F$16:$F$79)+SUMIF($D$16:$D$79,"All team",$F$16:$F$79)/5+SUMIF($D$16:$D$79,"Thức,Tài",$F$16:$F$79)/2+SUMIF($D$16:$D$79,"Tài,Vinh",$F$16:$F$79)/2 -> 22.8 | E10: =SUMIF($D$16:$D$79,"Tài",$G$16:$G$79)+SUMIF($D$16:$D$79,"All team",$G$16:$G$79)/5+SUMIF($D$16:$D$79,"Thức,Tài",$G$16:$G$79)/2+SUMIF($D$16:$D$79,"Tài,Vinh",$G$16:$G$79)/2 -> 21
B11: 4 | C11: Hoàng Đình Vinh | D11: =SUMIF($D$16:$D$79,"Vinh",$F$16:$F$79)+SUMIF($D$16:$D$79,"All team",$F$16:$F$79)/5+SUMIF($D$16:$D$79,"Tài,Vinh",$F$16:$F$79)/2 -> 12.8 | E11: =SUMIF($D$16:$D$79,"Vinh",$G$16:$G$79)+SUMIF($D$16:$D$79,"All team",$G$16:$G$79)/5+SUMIF($D$16:$D$79,"Tài,Vinh",$G$16:$G$79)/2 -> 14
B12: 5 | C12: Doãn Thanh Việt | D12: =SUMIF($D$16:$D$79,"Việt",$F$16:$F$79)+SUMIF($D$16:$D$79,"All team",$F$16:$F$79)/5 -> 18.8 | E12: =SUMIF($D$16:$D$79,"Việt",$G$16:$G$79)+SUMIF($D$16:$D$79,"All team",$G$16:$G$79)/5 -> 20
B13: Tổng | D13: =SUM(D8:D12) -> 116 | E13: =SUM(E8:E12) -> 115
A15: Sprint | B15: Compoment | C15: Task name | D15: Responsible Member | F15: Thực tế | G15: Ước tính | H15: 46118 | I15: 46119 | J15: 46120 | K15: 46121 | L15: 46122 | M15: 46123 | N15: 46124 | O15: 46125 | P15: 46126 | Q15: 46127 | R15: 46128 | S15: 46129 | T15: 46130 | U15: 46131 | V15: 46132 | W15: 46133
A16: Sprint 2 | B16: Họp kế hoạch Sprint | D16: All team | F16: 10 | G16: 10 | H16: 10 | I16: 0 | J16: 0 | K16: 0 | L16: 0 | M16: 0 | N16: 0 | O16: 0 | P16: 0 | Q16: 0 | R16: 0 | S16: 0 | T16: 0 | U16: 0 | V16: 0 | W16: 0
B17: Tạo Sprint Backlog 2 | D17: Tài,Vinh | F17: 4 | G17: 4 | H17: 4 | I17: 4 | J17: 0 | K17: 0 | L17: 0 | M17: 0 | N17: 0 | O17: 0 | P17: 0 | Q17: 0 | R17: 0 | S17: 0 | T17: 0 | U17: 0 | V17: 0 | W17: 0
B18: Tạo tài liệu kiểm thử cho Sprint | D18: Thức,Tài | F18: 4 | G18: 4 | H18: 4 | I18: 4 | J18: 4 | K18: 0 | L18: 0 | M18: 0 | N18: 0 | O18: 0 | P18: 0 | Q18: 0 | R18: 0 | S18: 0 | T18: 0 | U18: 0 | V18: 0 | W18: 0
B19: User interface design | C19: Giao diện Quên mật khẩu | D19: Vinh | F19: 1 | G19: 1 | H19: 1 | I19: 1 | J19: 1 | K19: 1 | L19: 0 | M19: 0 | N19: 0 | O19: 0 | P19: 0 | Q19: 0 | R19: 0 | S19: 0 | T19: 0 | U19: 0 | V19: 0 | W19: 0
C20: Giao diện Quản lý thông tin cá nhân | D20: Việt | F20: 1 | G20: 1 | H20: 1 | I20: 1 | J20: 1 | K20: 1 | L20: 0 | M20: 0 | N20: 0 | O20: 0 | P20: 0 | Q20: 0 | R20: 0 | S20: 0 | T20: 0 | U20: 0 | V20: 0 | W20: 0
C21: Giao diện Đặt vé | D21: Thức | F21: 3 | G21: 1 | H21: 1 | I21: 1 | J21: 1 | K21: 1 | L21: 0 | M21: 0 | N21: 0 | O21: 0 | P21: 0 | Q21: 0 | R21: 0 | S21: 0 | T21: 0 | U21: 0 | V21: 0 | W21: 0
L22: 2
C23: Giao diện Thanh toán | D23: Việt | F23: 1 | G23: 1 | H23: 1 | I23: 1 | J23: 1 | K23: 1 | L23: 0 | M23: 0 | N23: 0 | O23: 0 | P23: 0 | Q23: 0 | R23: 0 | S23: 0 | T23: 0 | U23: 0 | V23: 0 | W23: 0
C24: Giao diện quản lý phòng chiếu | D24: Việt | F24: 1 | G24: 1 | H24: 1 | I24: 1 | J24: 1 | K24: 1 | L24: 1 | M24: 0 | N24: 0 | O24: 0 | P24: 0 | Q24: 0 | R24: 0 | S24: 0 | T24: 0 | U24: 0 | V24: 0 | W24: 0
C25: Giao diện quản lý suất chiếu | D25: Việt | F25: 1 | G25: 1 | H25: 1 | I25: 1 | J25: 1 | K25: 1 | L25: 1 | M25: 0 | N25: 0 | O25: 0 | P25: 0 | Q25: 0 | R25: 0 | S25: 0 | T25: 0 | U25: 0 | V25: 0 | W25: 0
C26: Giao diện quản lí đặt vé | D26: Tài | F26: 1 | G26: 1 | H26: 1 | I26: 1 | J26: 1 | K26: 1 | L26: 1 | M26: 0 | N26: 0 | O26: 0 | P26: 0 | Q26: 0 | R26: 0 | S26: 0 | T26: 0 | U26: 0 | V26: 0 | W26: 0
C27: Review all user interfaces of sprint 2 | D27: All team | F27: 8 | G27: 10 | H27: 10 | I27: 10 | J27: 10 | K27: 10 | L27: 8 | M27: 0 | N27: 0 | O27: 0 | P27: 0 | Q27: 0 | R27: 0 | S27: 0 | T27: 0 | U27: 0 | V27: 0 | W27: 0
M28: 2
B29: Design test case | C29: Thiết kế trường kiểm thử cho Quên mật khẩu | D29: Vinh | F29: 1 | G29: 1 | H29: 1 | I29: 1 | J29: 1 | K29: 1 | L29: 1 | M29: 0 | N29: 0 | O29: 0 | P29: 0 | Q29: 0 | R29: 0 | S29: 0 | T29: 0 | U29: 0 | V29: 0 | W29: 0
C30: Thiết kế trường kiểm thử cho Quản lý thông tin cá nhân | D30: Việt | F30: 1 | G30: 1 | H30: 1 | I30: 1 | J30: 1 | K30: 1 | L30: 1 | M30: 0 | N30: 0 | O30: 0 | P30: 0 | Q30: 0 | R30: 0 | S30: 0 | T30: 0 | U30: 0 | V30: 0 | W30: 0
C31: Thiết kế trường kiểm thử cho Đặt Vé | D31: Thức | F31: 2 | G31: 2 | H31: 2 | I31: 2 | J31: 2 | K31: 2 | L31: 2 | M31: 0 | N31: 0 | O31: 0 | P31: 0 | Q31: 0 | R31: 0 | S31: 0 | T31: 0 | U31: 0 | V31: 0 | W31: 0
C32: Thiết kế trường kiểm thử cho Thanh Toán | D32: Việt | F32: 1 | G32: 1 | H32: 1 | I32: 1 | J32: 1 | K32: 1 | L32: 1 | M32: 0 | N32: 0 | O32: 0 | P32: 0 | Q32: 0 | R32: 0 | S32: 0 | T32: 0 | U32: 0 | V32: 0 | W32: 0
C33: Thiết kế trường kiểm thử cho Quản lý phòng chiếu | D33: Thức | F33: 2 | G33: 2 | H33: 2 | I33: 2 | J33: 2 | K33: 2 | L33: 2 | M33: 2 | N33: 0 | O33: 0 | P33: 0 | Q33: 0 | R33: 0 | S33: 0 | T33: 0 | U33: 0 | V33: 0 | W33: 0
C34: Thiết kế trường kiểm thử cho Quản lý Suất chiếu | D34: Tài | F34: 2 | G34: 2 | H34: 2 | I34: 2 | J34: 2 | K34: 2 | L34: 2 | M34: 2 | N34: 0 | O34: 0 | P34: 0 | Q34: 0 | R34: 0 | S34: 0 | T34: 0 | U34: 0 | V34: 0 | W34: 0
C35: Thiết kế trường kiểm thử cho Quản lý đặt vé | D35: Tài | F35: 3 | G35: 2 | H35: 2 | I35: 2 | J35: 2 | K35: 2 | L35: 2 | M35: 2 | N35: 0 | O35: 0 | P35: 0 | Q35: 0 | R35: 0 | S35: 0 | T35: 0 | U35: 0 | V35: 0 | W35: 0
N36: 1
C37: Review all test case of sprint 2 | D37: All team | F37: 8 | G37: 10 | H37: 10 | I37: 10 | J37: 10 | K37: 10 | L37: 10 | M37: 8 | N37: 0 | O37: 0 | P37: 0 | Q37: 0 | R37: 0 | S37: 0 | T37: 0 | U37: 0 | V37: 0 | W37: 0
N38: 2
B39: Coding | C39: Code back-end cho Quên mật khẩu | D39: Hiệu | F39: 2 | G39: 2 | H39: 2 | I39: 2 | J39: 2 | K39: 2 | L39: 2 | M39: 2 | N39: 2 | O39: 0 | P39: 0 | Q39: 0 | R39: 0 | S39: 0 | T39: 0 | U39: 0 | V39: 0 | W39: 0
C40: Code front-end cho Quên mật khẩu | D40: Hiệu | F40: 1 | G40: 1 | H40: 1 | I40: 1 | J40: 1 | K40: 1 | L40: 1 | M40: 1 | N40: 1 | O40: 0 | P40: 0 | Q40: 0 | R40: 0 | S40: 0 | T40: 0 | U40: 0 | V40: 0 | W40: 0
C41: Code back-end cho Quản lý thông tin cá nhân, | D41: Hiệu | F41: 2 | G41: 2 | H41: 2 | I41: 2 | J41: 2 | K41: 2 | L41: 2 | M41: 2 | N41: 2 | O41: 0 | P41: 0 | Q41: 0 | R41: 0 | S41: 0 | T41: 0 | U41: 0 | V41: 0 | W41: 0
C42: Code front-end cho Quản lý thông tin cá nhân | D42: Hiệu | F42: 1 | G42: 1 | H42: 1 | I42: 1 | J42: 1 | K42: 1 | L42: 1 | M42: 1 | N42: 1 | O42: 0 | P42: 0 | Q42: 0 | R42: 0 | S42: 0 | T42: 0 | U42: 0 | V42: 0 | W42: 0
C43: Code back-end cho Đặt vé | D43: Hiệu | F43: 2 | G43: 2 | H43: 2 | I43: 2 | J43: 2 | K43: 2 | L43: 2 | M43: 2 | N43: 2 | O43: 2 | P43: 0 | Q43: 0 | R43: 0 | S43: 0 | T43: 0 | U43: 0 | V43: 0 | W43: 0
C44: Code front-end cho Đặt vé | D44: Hiệu | F44: 2 | G44: 3 | H44: 3 | I44: 3 | J44: 3 | K44: 3 | L44: 3 | M44: 3 | N44: 3 | O44: 2 | P44: 0 | Q44: 0 | R44: 0 | S44: 0 | T44: 0 | U44: 0 | V44: 0 | W44: 0
P45: 1
C46: Code back-end cho Thanh toán | D46: Hiệu | F46: 2 | G46: 2 | H46: 2 | I46: 2 | J46: 2 | K46: 2 | L46: 2 | M46: 2 | N46: 2 | O46: 2 | P46: 0 | Q46: 0 | R46: 0 | S46: 0 | T46: 0 | U46: 0 | V46: 0 | W46: 0
C47: Code front-end cho Thanh toán | D47: Hiệu | F47: 3 | G47: 3 | H47: 3 | I47: 3 | J47: 3 | K47: 3 | L47: 3 | M47: 3 | N47: 3 | O47: 3 | P47: 3 | Q47: 0 | R47: 0 | S47: 0 | T47: 0 | U47: 0 | V47: 0 | W47: 0
C48: Code back-end cho Quản lý phòng chiếu | D48: Hiệu | F48: 2 | G48: 2 | H48: 2 | I48: 2 | J48: 2 | K48: 2 | L48: 2 | M48: 2 | N48: 2 | O48: 2 | P48: 2 | Q48: 0 | R48: 0 | S48: 0 | T48: 0 | U48: 0 | V48: 0 | W48: 0
C49: Code front-end cho Quản lý phòng chiếu | D49: Hiệu | F49: 5 | G49: 3 | H49: 3 | I49: 3 | J49: 3 | K49: 3 | L49: 3 | M49: 3 | N49: 3 | O49: 3 | P49: 3 | Q49: 0 | R49: 0 | S49: 0 | T49: 0 | U49: 0 | V49: 0 | W49: 0
Q50: 2
C51: Code back-end cho Quản lý suất chiếu | D51: Hiệu | F51: 2 | G51: 2 | H51: 2 | I51: 2 | J51: 2 | K51: 2 | L51: 2 | M51: 2 | N51: 2 | O51: 2 | P51: 2 | Q51: 2 | R51: 0 | S51: 0 | T51: 0 | U51: 0 | V51: 0 | W51: 0
C52: Code front-end cho Quản lý suất chiếu | D52: Hiệu | F52: 4 | G52: 4 | H52: 4 | I52: 4 | J52: 4 | K52: 4 | L52: 4 | M52: 4 | N52: 4 | O52: 4 | P52: 4 | Q52: 4 | R52: 0 | S52: 0 | T52: 0 | U52: 0 | V52: 0 | W52: 0
C53: Code back-end cho Quản lý đặt vé | D53: Hiệu | F53: 3 | G53: 2 | H53: 2 | I53: 2 | J53: 2 | K53: 2 | L53: 2 | M53: 2 | N53: 2 | O53: 2 | P53: 2 | Q53: 2 | R53: 0 | S53: 0 | T53: 0 | U53: 0 | V53: 0 | W53: 0
R54: 1
C55: Code front-end cho Quản lý đặt vé | D55: Hiệu | F55: 2 | G55: 2 | H55: 2 | I55: 2 | J55: 2 | K55: 2 | L55: 2 | M55: 2 | N55: 2 | O55: 2 | P55: 2 | Q55: 2 | R55: 0 | S55: 0 | T55: 0 | U55: 0 | V55: 0 | W55: 0
C56: Integrate code | D56: All team | F56: 8 | G56: 10 | H56: 10 | I56: 10 | J56: 10 | K56: 10 | L56: 10 | M56: 10 | N56: 10 | O56: 10 | P56: 10 | Q56: 10 | R56: 8 | S56: 0 | T56: 0 | U56: 0 | V56: 0 | W56: 0
S57: 2
B58: Testing | C58: Kiểm tra Quên mật khẩu | D58: Vinh | F58: 1 | G58: 1 | H58: 1 | I58: 1 | J58: 1 | K58: 1 | L58: 1 | M58: 1 | N58: 1 | O58: 1 | P58: 1 | Q58: 1 | R58: 1 | S58: 1 | T58: 0 | U58: 0 | V58: 0 | W58: 0
C59: Kiểm tra Quản lý thông tin cá nhân | D59: Việt | F59: 1 | G59: 1 | H59: 1 | I59: 1 | J59: 1 | K59: 1 | L59: 1 | M59: 1 | N59: 1 | O59: 1 | P59: 1 | Q59: 1 | R59: 1 | S59: 1 | T59: 0 | U59: 0 | V59: 0 | W59: 0
C60: Kiểm tra Đặt Vé | D60: Thức | F60: 2 | G60: 2 | H60: 2 | I60: 2 | J60: 2 | K60: 2 | L60: 2 | M60: 2 | N60: 2 | O60: 2 | P60: 2 | Q60: 2 | R60: 2 | S60: 2 | T60: 0 | U60: 0 | V60: 0 | W60: 0
C61: Kiểm tra Thanh Toán | D61: Việt | F61: 2 | G61: 2 | H61: 2 | I61: 2 | J61: 2 | K61: 2 | L61: 2 | M61: 2 | N61: 2 | O61: 2 | P61: 2 | Q61: 2 | R61: 2 | S61: 2 | T61: 0 | U61: 0 | V61: 0 | W61: 0
C62: Kiểm tra Quản lý phòng chiếu | D62: Thức | F62: 1 | G62: 1 | H62: 1 | I62: 1 | J62: 1 | K62: 1 | L62: 1 | M62: 1 | N62: 1 | O62: 1 | P62: 1 | Q62: 1 | R62: 1 | S62: 1 | T62: 0 | U62: 0 | V62: 0 | W62: 0
C63: Kiểm tra Quản lý xuất chiếu | D63: Tài | F63: 1 | G63: 1 | H63: 1 | I63: 1 | J63: 1 | K63: 1 | L63: 1 | M63: 1 | N63: 1 | O63: 1 | P63: 1 | Q63: 1 | R63: 1 | S63: 1 | T63: 0 | U63: 0 | V63: 0 | W63: 0
C64: Kiểm tra Quản lý đặt vé | D64: Tài | F64: 1 | G64: 1 | H64: 1 | I64: 1 | J64: 1 | K64: 1 | L64: 1 | M64: 1 | N64: 1 | O64: 1 | P64: 1 | Q64: 1 | R64: 1 | S64: 1 | T64: 0 | U64: 0 | V64: 0 | W64: 0
B65: Fix Bug | C65: Sửa lỗi Quên mật khẩu | D65: Hiệu, Thức | F65: 1 | G65: 1 | H65: 1 | I65: 1 | J65: 1 | K65: 1 | L65: 1 | M65: 1 | N65: 1 | O65: 1 | P65: 1 | Q65: 1 | R65: 1 | S65: 1 | T65: 1 | U65: 0 | V65: 0 | W65: 0
C66: Sửa lỗi Quản lý thông tin cá nhân | D66: Hiệu, Thức | F66: 1 | G66: 1 | H66: 1 | I66: 1 | J66: 1 | K66: 1 | L66: 1 | M66: 1 | N66: 1 | O66: 1 | P66: 1 | Q66: 1 | R66: 1 | S66: 1 | T66: 1 | U66: 0 | V66: 0 | W66: 0
C67: Sửa lỗi Đặt Vé | D67: Hiệu, Thức | F67: 2 | G67: 2 | H67: 2 | I67: 2 | J67: 2 | K67: 2 | L67: 2 | M67: 2 | N67: 2 | O67: 2 | P67: 2 | Q67: 2 | R67: 2 | S67: 2 | T67: 2 | U67: 0 | V67: 0 | W67: 0
C68: Sửa lỗi Thanh Toán | D68: Hiệu, Thức | F68: 2 | G68: 2 | H68: 2 | I68: 2 | J68: 2 | K68: 2 | L68: 2 | M68: 2 | N68: 2 | O68: 2 | P68: 2 | Q68: 2 | R68: 2 | S68: 2 | T68: 2 | U68: 0 | V68: 0 | W68: 0
C69: Sửa lỗi Quản lý phòng chiếu | D69: Hiệu, Thức | F69: 1 | G69: 1 | H69: 1 | I69: 1 | J69: 1 | K69: 1 | L69: 1 | M69: 1 | N69: 1 | O69: 1 | P69: 1 | Q69: 1 | R69: 1 | S69: 1 | T69: 1 | U69: 0 | V69: 0 | W69: 0
C70: Sửa lỗi Quản lý xuất chiếu | D70: Hiệu, Thức | F70: 1 | G70: 1 | H70: 1 | I70: 1 | J70: 1 | K70: 1 | L70: 1 | M70: 1 | N70: 1 | O70: 1 | P70: 1 | Q70: 1 | R70: 1 | S70: 1 | T70: 1 | U70: 0 | V70: 0 | W70: 0
C71: Sửa lỗi Quản lý đặt vé | D71: Hiệu, Thức | F71: 3 | G71: 1 | H71: 1 | I71: 1 | J71: 1 | K71: 1 | L71: 1 | M71: 1 | N71: 1 | O71: 1 | P71: 1 | Q71: 1 | R71: 1 | S71: 1 | T71: 1 | U71: 0 | V71: 0 | W71: 0
U72: 2
B73: Re-testing | C73: Kiểm tra lại Kiểm tra Quên mật khẩu | D73: Vinh | F73: 1 | G73: 1 | H73: 1 | I73: 1 | J73: 1 | K73: 1 | L73: 1 | M73: 1 | N73: 1 | O73: 1 | P73: 1 | Q73: 1 | R73: 1 | S73: 1 | T73: 1 | U73: 1 | V73: 0 | W73: 0
C74: Kiểm tra lại Kiểm tra Quản lý thông tin cá nhân | D74: Việt | F74: 1 | G74: 1 | H74: 1 | I74: 1 | J74: 1 | K74: 1 | L74: 1 | M74: 1 | N74: 1 | O74: 1 | P74: 1 | Q74: 1 | R74: 1 | S74: 1 | T74: 1 | U74: 1 | V74: 0 | W74: 0
C75: Kiểm tra lại Kiểm tra Đặt Vé | D75: Thức | F75: 2 | G75: 2 | H75: 2 | I75: 2 | J75: 2 | K75: 2 | L75: 2 | M75: 2 | N75: 2 | O75: 2 | P75: 2 | Q75: 2 | R75: 2 | S75: 2 | T75: 2 | U75: 2 | V75: 0 | W75: 0
C76: Kiểm tra lại Kiểm tra Thanh Toán | D76: Việt | F76: 2 | G76: 2 | H76: 2 | I76: 2 | J76: 2 | K76: 2 | L76: 2 | M76: 2 | N76: 2 | O76: 2 | P76: 2 | Q76: 2 | R76: 2 | S76: 2 | T76: 2 | U76: 2 | V76: 0 | W76: 0
C77: Kiểm tra lại Kiểm tra Quản lý phòng chiếu | D77: Thức | F77: 1 | G77: 1 | H77: 1 | I77: 1 | J77: 1 | K77: 1 | L77: 1 | M77: 1 | N77: 1 | O77: 1 | P77: 1 | Q77: 1 | R77: 1 | S77: 1 | T77: 1 | U77: 1 | V77: 0 | W77: 0
C78: Kiểm tra lại Kiểm tra Quản lý xuất chiếu | D78: Tài | F78: 1 | G78: 1 | H78: 1 | I78: 1 | J78: 1 | K78: 1 | L78: 1 | M78: 1 | N78: 1 | O78: 1 | P78: 1 | Q78: 1 | R78: 1 | S78: 1 | T78: 1 | U78: 1 | V78: 0 | W78: 0
C79: Kiểm tra lại Kiểm tra Quản lý đặt vé | D79: Tài | F79: 3 | G79: 1 | H79: 1 | I79: 1 | J79: 1 | K79: 1 | L79: 1 | M79: 1 | N79: 1 | O79: 1 | P79: 1 | Q79: 1 | R79: 1 | S79: 1 | T79: 1 | U79: 1 | V79: 0 | W79: 0
V80: 2
B81: Release Sprint 2 | C81: Sprint 2 review meeting | D81: All team | F81: 5 | G81: 5 | H81: 5 | I81: 5 | J81: 5 | K81: 5 | L81: 5 | M81: 5 | N81: 5 | O81: 5 | P81: 5 | Q81: 5 | R81: 5 | S81: 5 | T81: 5 | U81: 5 | V81: 5 | W81: 0
C82: Sprint 2 retrospective | D82: All team | F82: 5 | G82: 5 | H82: 5 | I82: 5 | J82: 5 | K82: 5 | L82: 5 | M82: 5 | N82: 5 | O82: 5 | P82: 5 | Q82: 5 | R82: 5 | S82: 5 | T82: 5 | U82: 5 | V82: 5 | W82: 0
B83: Tổng | D83: Thực tế | F83: =SUM(F16:F82) -> 137 | H83: =SUM(H16:H82) -> 134 | I83: =SUM(I16:I82) -> 124 | J83: =SUM(J16:J82) -> 120 | K83: =SUM(K16:K82) -> 116 | L83: =SUM(L16:L82)+2 -> 114 | M83: =SUM(M16:M82)-2 -> 92 | N83: =SUM(N16:N82)-1 -> 80 | O83: =SUM(O16:O82) -> 71 | P83: =SUM(P16:P82)-1 -> 65 | Q83: =SUM(Q16:Q82)+2 -> 61 | R83: =SUM(R16:R82)-1 -> 45 | S83: =SUM(S16:S82)+2 -> 41 | T83: =SUM(T16:T82) -> 28 | U83: =SUM(U16:U82)+2 -> 23 | V83: =SUM(V16:V82)+2 -> 14 | W83: =SUM(W16:W82) -> 0
D84: Ước tính | F84: =SUM(G16:G82) -> 134 | H84: =SUM(H16:H82) -> 134 | I84: =SUM(I16:I82) -> 124 | J84: =SUM(J16:J82) -> 120 | K84: =SUM(K16:K82) -> 116 | L84: =SUM(L16:L82) -> 112 | M84: =SUM(M16:M82) -> 94 | N84: =SUM(N16:N82) -> 81 | O84: =SUM(O16:O82) -> 71 | ... W84: =SUM(W16:W82) -> 0

Sheet Sprint 3
A1: Project name: | C1: MOVIX | F1: Kết thúc
A2: Module name: | C2: Sprint 3 | F2: Tăng ca
A3: Start date: | C3: 46133 | F3: Muộn
A4: End date: | C4: 46149 | D4: S | F4: Chậm tiến độ
F5: Trước thời hạn
B6: SPRINT 3 REPORT
B7: No | C7: Thành viên | D7: Thực tế | E7: Ước tính
B8: 1 | C8: Phạm Quốc Hiệu | D8: =SUMIF($E$16:$E$78,"Hiệu",$G$16:$G$78)+SUMIF($E$16:$E$78,"All team",$G$16:$G$78)/5+SUMIF($E$16:$E$78,"Hiệu, Việt",$G$16:$G$78)/2+SUMIF($E$16:$E$78,"Hiệu, Tài",$G$16:$G$78)/2 -> 48.1 | E8: =SUMIF($E$16:$E$78,"Hiệu",$H$16:$H$78)+SUMIF($E$16:$E$78,"All team",$H$16:$H$78)/5+SUMIF($E$16:$E$78,"Hiệu, Việt",$H$16:$H$78)/2+SUMIF($E$16:$E$78,"Hiệu, Tài",$H$16:$H$78)/2 -> 47
B9: 2 | C9: Nguyễn Tam Minh Thức | D9: =SUMIF($E$16:$E$78,"Thức",$G$16:$G$78)+SUMIF($E$16:$E$78,"All team",$G$16:$G$78)/5+SUMIF($E$16:$E$78,"Thức,Việt,Vinh,Tài",$G$16:$G$78)/4 -> 16.1 | E9: =SUMIF($E$16:$E$78,"Thức",$H$16:$H$78)+SUMIF($E$16:$E$78,"All team",$H$16:$H$78)/5+SUMIF($E$16:$E$78,"Thức,Việt,Vinh,Tài",$H$16:$H$78)/4 -> 17.5
B10: 3 | C10: Lý Thái Tài | D10: =SUMIF($E$16:$E$78,"Tài",$G$16:$G$78)+SUMIF($E$16:$E$78,"All team",$G$16:$G$78)/5+SUMIF($E$16:$E$78,"Thức,Việt,Vinh,Tài",$G$16:$G$78)/4+SUMIF($E$16:$E$78,"Hiệu, Tài",$G$16:$G$78)/2 -> 16.1 | E10: =SUMIF($E$16:$E$78,"Tài",$H$16:$H$78)+SUMIF($E$16:$E$78,"All team",$H$16:$H$78)/5+SUMIF($E$16:$E$78,"Thức,Việt,Vinh,Tài",$H$16:$H$78)/4+SUMIF($E$16:$E$78,"Hiệu, Tài",$H$16:$H$78)/2 -> 15.5
B11: 4 | C11: Hoàng Đình Vinh | D11: =SUMIF($E$16:$E$78,"Vinh",$G$16:$G$78)+SUMIF($E$16:$E$78,"All team",$G$16:$G$78)/5+SUMIF($E$16:$E$78,"Thức,Việt,Vinh,Tài",$G$16:$G$78)/4 -> 16.1 | E11: =SUMIF($E$16:$E$78,"Vinh",$H$16:$H$78)+SUMIF($E$16:$E$78,"All team",$H$16:$H$78)/5+SUMIF($E$16:$E$78,"Thức,Việt,Vinh,Tài",$H$16:$H$78)/4 -> 16.5
B12: 5 | C12: Doãn Thanh Việt | D12: =SUMIF($E$16:$E$78,"Việt",$G$16:$G$78)+SUMIF($E$16:$E$78,"All team",$G$16:$G$78)/5+SUMIF($E$16:$E$78,"Thức,Việt,Vinh,Tài",$G$16:$G$78)/4+SUMIF($E$16:$E$78,"Hiệu, Việt",$G$16:$G$78)/2 -> 15.6 | E12: =SUMIF($E$16:$E$78,"Việt",$H$16:$H$78)+SUMIF($E$16:$E$78,"All team",$H$16:$H$78)/5+SUMIF($E$16:$E$78,"Thức,Việt,Vinh,Tài",$H$16:$H$78)/4+SUMIF($E$16:$E$78,"Hiệu, Việt",$H$16:$H$78)/2 -> 17.5
B13: Tổng | D13: =SUM(D8:D12) -> 112 | E13: =SUM(E8:E12) -> 114
A15: Sprint | B15: Compoment | C15: Task name | E15: Responsible Member | G15: Thực tế | H15: Ước tính | I15: 46133 | J15: 46134 | K15: 46135 | L15: 46136 | M15: 46137 | N15: 46138 | O15: 46139 | P15: 46140 | Q15: 46141 | R15: 46142 | S15: 46143 | T15: 46144 | U15: 46145 | V15: 46146 | W15: 46147 | X15: 46148 | Y15: 46149 | Z15: 46150
A16: Sprint 3 | B16: Họp kế hoạch Sprint | E16: All team | G16: 10 | H16: 10 | I16: 10 | J16: 0 | K16: 0 | L16: 0 | M16: 0 | N16: 0 | O16: 0 | P16: 0 | Q16: 0 | R16: 0 | S16: 0 | T16: 0 | U16: 0 | V16: 0 | W16: 0 | X16: 0 | Y16: 0 | Z16: 0
B17: Tạo Sprint Backlog 3 | E17: Việt | G17: 1 | H17: 2 | I17: 2 | J17: 1 | K17: 0 | L17: 0 | M17: 0 | N17: 0 | O17: 0 | P17: 0 | Q17: 0 | R17: 0 | S17: 0 | T17: 0 | U17: 0 | V17: 0 | W17: 0 | X17: 0 | Y17: 0 | Z17: 0
K18: 1
B19: Tạo tài liệu kiểm thử cho Sprint | E19: Thức,Việt,Vinh,Tài | G19: 2 | H19: 2 | I19: 2 | J19: 2 | K19: 0 | L19: 0 | M19: 0 | N19: 0 | O19: 0 | P19: 0 | Q19: 0 | R19: 0 | S19: 0 | T19: 0 | U19: 0 | V19: 0 | W19: 0 | X19: 0 | Y19: 0 | Z19: 0
B20: User interface design | C20: Giao diện Đánh giá và bình luận phim | E20: Tài | G20: 1 | H20: 1 | I20: 1 | J20: 1 | K20: 1 | L20: 0 | M20: 0 | N20: 0 | O20: 0 | P20: 0 | Q20: 0 | R20: 0 | S20: 0 | T20: 0 | U20: 0 | V20: 0 | W20: 0 | X20: 0 | Y20: 0 | Z20: 0
C21: Giao diện Xem lịch sử đặt vé | E21: Vinh | G21: 1 | H21: 1 | I21: 1 | J21: 1 | K21: 1 | L21: 0 | M21: 0 | N21: 0 | O21: 0 | P21: 0 | Q21: 0 | R21: 0 | S21: 0 | T21: 0 | U21: 0 | V21: 0 | W21: 0 | X21: 0 | Y21: 0 | Z21: 0
C22: Giao diện Xem sơ đồ phòng chiếu 3D | E22: Tài | G22: 1 | H22: 1 | I22: 1 | J22: 1 | K22: 1 | L22: 0 | M22: 0 | N22: 0 | O22: 0 | P22: 0 | Q22: 0 | R22: 0 | S22: 0 | T22: 0 | U22: 0 | V22: 0 | W22: 0 | X22: 0 | Y22: 0 | Z22: 0
C23: Giao diện Chatbot AI | E23: Vinh | G23: 1 | H23: 1 | I23: 1 | J23: 1 | K23: 1 | L23: 0 | M23: 0 | N23: 0 | O23: 0 | P23: 0 | Q23: 0 | R23: 0 | S23: 0 | T23: 0 | U23: 0 | V23: 0 | W23: 0 | X23: 0 | Y23: 0 | Z23: 0
C24: Giao diện Quản lý thành viên | E24: Việt | G24: 1 | H24: 1 | I24: 1 | J24: 1 | K24: 1 | L24: 1 | M24: 0 | N24: 0 | O24: 0 | P24: 0 | Q24: 0 | R24: 0 | S24: 0 | T24: 0 | U24: 0 | V24: 0 | W24: 0 | X24: 0 | Y24: 0 | Z24: 0
C25: Giao diện Quản lý bình luận | E25: Thức | G25: 1 | H25: 1 | I25: 1 | J25: 1 | K25: 1 | L25: 1 | M25: 0 | N25: 0 | O25: 0 | P25: 0 | Q25: 0 | R25: 0 | S25: 0 | T25: 0 | U25: 0 | V25: 0 | W25: 0 | X25: 0 | Y25: 0 | Z25: 0
C26: Giao diện Thống kê và báo cáo | E26: Tài | G26: 2 | H26: 1 | I26: 1 | J26: 1 | K26: 1 | L26: 1 | M26: 0 | N26: 0 | O26: 0 | P26: 0 | Q26: 0 | R26: 0 | S26: 0 | T26: 0 | U26: 0 | V26: 0 | W26: 0 | X26: 0 | Y26: 0 | Z26: 0
M27: 1
C28: Review all user interfaces of sprint 3 | E28: All team | G28: 8 | H28: 10 | I28: 10 | J28: 10 | K28: 10 | L28: 8 | M28: 0 | N28: 0 | O28: 0 | P28: 0 | Q28: 0 | R28: 0 | S28: 0 | T28: 0 | U28: 0 | V28: 0 | W28: 0 | X28: 0 | Y28: 0 | Z28: 0
M29: 2
B30: Design test case | C30: Thiết kế trường kiểm thử cho Đánh giá và bình luận phim | E30: Tài | G30: 1 | H30: 1 | I30: 1 | J30: 1 | K30: 1 | L30: 1 | M30: 1 | N30: 0 | O30: 0 | P30: 0 | Q30: 0 | R30: 0 | S30: 0 | T30: 0 | U30: 0 | V30: 0 | W30: 0 | X30: 0 | Y30: 0 | Z30: 0
C31: Thiết kế trường kiểm thử cho Xem lịch sử đặt vé | E31: Tài | G31: 2 | H31: 2 | I31: 2 | J31: 2 | K31: 2 | L31: 2 | M31: 2 | N31: 0 | O31: 0 | P31: 0 | Q31: 0 | R31: 0 | S31: 0 | T31: 0 | U31: 0 | V31: 0 | W31: 0 | X31: 0 | Y31: 0 | Z31: 0
C32: Thiết kế trường kiểm thử cho Xem sơ đồ phòng chiếu 3D | E32: Vinh | G32: 2 | H32: 2 | I32: 2 | J32: 2 | K32: 2 | L32: 2 | M32: 2 | N32: 0 | O32: 0 | P32: 0 | Q32: 0 | R32: 0 | S32: 0 | T32: 0 | U32: 0 | V32: 0 | W32: 0 | X32: 0 | Y32: 0 | Z32: 0
C33: Thiết kế trường kiểm thử cho Chatbot AI | E33: Thức | G33: 1 | H33: 1 | I33: 1 | J33: 1 | K33: 1 | L33: 1 | M33: 1 | N33: 1 | O33: 0 | P33: 0 | Q33: 0 | R33: 0 | S33: 0 | T33: 0 | U33: 0 | V33: 0 | W33: 0 | X33: 0 | Y33: 0 | Z33: 0
C34: Thiết kế trường kiểm thử cho Quản lý thành viên | E34: Việt | G34: 2 | H34: 1 | I34: 1 | J34: 1 | K34: 1 | L34: 1 | M34: 1 | N34: 1 | O34: 0 | P34: 0 | Q34: 0 | R34: 0 | S34: 0 | T34: 0 | U34: 0 | V34: 0 | W34: 0 | X34: 0 | Y34: 0 | Z34: 0
C35: Thiết kế trường kiểm thử cho Quản lý bình luận | E35: Thức | G35: 1 | H35: 1 | I35: 1 | J35: 1 | K35: 1 | L35: 1 | M35: 1 | N35: 1 | O35: 1 | P35: 0 | Q35: 0 | R35: 0 | S35: 0 | T35: 0 | U35: 0 | V35: 0 | W35: 0 | X35: 0 | Y35: 0 | Z35: 0
C36: Thiết kế trường kiểm thử cho Thống kê và báo cáo | E36: Vinh | G36: 1 | H36: 1 | I36: 1 | J36: 1 | K36: 1 | L36: 1 | M36: 1 | N36: 1 | O36: 1 | P36: 0 | Q36: 0 | R36: 0 | S36: 0 | T36: 0 | U36: 0 | V36: 0 | W36: 0 | X36: 0 | Y36: 0 | Z36: 0
C37: Review all test case of sprint 1 | E37: All team | G37: 7 | H37: 10 | I37: 10 | J37: 10 | K37: 10 | L37: 10 | M37: 10 | N37: 10 | O37: 7 | P37: 0 | Q37: 0 | R37: 0 | S37: 0 | T37: 0 | U37: 0 | V37: 0 | W37: 0 | X37: 0 | Y37: 0 | Z37: 0
P38: 3
B39: Coding | C39: Code back-end cho Đánh giá và bình luận phim | E39: Hiệu | G39: 3 | H39: 3 | I39: 3 | J39: 3 | K39: 3 | L39: 3 | M39: 3 | N39: 3 | O39: 3 | P39: 3 | Q39: 0 | R39: 0 | S39: 0 | T39: 0 | U39: 0 | V39: 0 | W39: 0 | X39: 0 | Y39: 0 | Z39: 0
C40: Code front-end cho Đánh giá và bình luận phim | E40: Hiệu | G40: 2 | H40: 2 | I40: 2 | J40: 2 | K40: 2 | L40: 2 | M40: 2 | N40: 2 | O40: 2 | P40: 2 | Q40: 0 | R40: 0 | S40: 0 | T40: 0 | U40: 0 | V40: 0 | W40: 0 | X40: 0 | Y40: 0 | Z40: 0
C41: Code back-end cho cho Xem lịch sử đặt vé | E41: Hiệu | G41: 3 | H41: 3 | I41: 3 | J41: 3 | K41: 3 | L41: 3 | M41: 3 | N41: 3 | O41: 3 | P41: 3 | Q41: 0 | R41: 0 | S41: 0 | T41: 0 | U41: 0 | V41: 0 | W41: 0 | X41: 0 | Y41: 0 | Z41: 0
C42: Code front-end cho Xem lịch sử đặt vé | E42: Hiệu | G42: 2 | H42: 2 | I42: 2 | J42: 2 | K42: 2 | L42: 2 | M42: 2 | N42: 2 | O42: 2 | P42: 2 | Q42: 0 | R42: 0 | S42: 0 | T42: 0 | U42: 0 | V42: 0 | W42: 0 | X42: 0 | Y42: 0 | Z42: 0
C43: Code back-end cho Xem sơ đồ phòng chiếu 3D | E43: Hiệu | G43: 1 | H43: 1 | I43: 1 | J43: 1 | K43: 1 | L43: 1 | M43: 1 | N43: 1 | O43: 1 | P43: 1 | Q43: 1 | R43: 0 | S43: 0 | T43: 0 | U43: 0 | V43: 0 | W43: 0 | X43: 0 | Y43: 0 | Z43: 0
C44: Code front-end cho Xem sơ đồ phòng chiếu 3D | E44: Hiệu | G44: 4 | H44: 4 | I44: 4 | J44: 4 | K44: 4 | L44: 4 | M44: 4 | N44: 4 | O44: 4 | P44: 4 | Q44: 4 | R44: 0 | S44: 0 | T44: 0 | U44: 0 | V44: 0 | W44: 0 | X44: 0 | Y44: 0 | Z44: 0
C45: Code back-end cho Chatbot AI | E45: Hiệu | G45: 3 | H45: 1 | I45: 1 | J45: 1 | K45: 1 | L45: 1 | M45: 1 | N45: 1 | O45: 1 | P45: 1 | Q45: 1 | R45: 1 | S45: 0 | T45: 0 | U45: 0 | V45: 0 | W45: 0 | X45: 0 | Y45: 0 | Z45: 0
S46: 2
C47: Code front-end cho Chatbot AI | E47: Hiệu | G47: 1 | H47: 1 | I47: 1 | J47: 1 | K47: 1 | L47: 1 | M47: 1 | N47: 1 | O47: 1 | P47: 1 | Q47: 1 | R47: 1 | S47: 0 | T47: 0 | U47: 0 | V47: 0 | W47: 0 | X47: 0 | Y47: 0 | Z47: 0
C48: Code back-end cho Quản lý thành viên | E48: Hiệu | G48: 3 | H48: 3 | I48: 3 | J48: 3 | K48: 3 | L48: 3 | M48: 3 | N48: 3 | O48: 3 | P48: 3 | Q48: 3 | R48: 3 | S48: 3 | T48: 0 | U48: 0 | V48: 0 | W48: 0 | X48: 0 | Y48: 0 | Z48: 0
C49: Code front-end cho Quản lý thành viên | E49: Hiệu | G49: 2 | H49: 2 | I49: 2 | J49: 2 | K49: 2 | L49: 2 | M49: 2 | N49: 2 | O49: 2 | P49: 2 | Q49: 2 | R49: 2 | S49: 2 | T49: 0 | U49: 0 | V49: 0 | W49: 0 | X49: 0 | Y49: 0 | Z49: 0
C50: Code back-end cho Quản lý bình luận | E50: Hiệu | G50: 3 | H50: 3 | I50: 3 | J50: 3 | K50: 3 | L50: 3 | M50: 3 | N50: 3 | O50: 3 | P50: 3 | Q50: 3 | R50: 3 | S50: 3 | T50: 3 | U50: 0 | V50: 0 | W50: 0 | X50: 0 | Y50: 0 | Z50: 0
C51: Code front-end cho cho Quản lý bình luận | E51: Hiệu | G51: 2 | H51: 2 | I51: 2 | J51: 2 | K51: 2 | L51: 2 | M51: 2 | N51: 2 | O51: 2 | P51: 2 | Q51: 2 | R51: 2 | S51: 2 | T51: 2 | U51: 0 | V51: 0 | W51: 0 | X51: 0 | Y51: 0 | Z51: 0
C52: Code back-end cho Thống kê và báo cáo | E52: Hiệu | G52: 3 | H52: 3 | I52: 3 | J52: 3 | K52: 3 | L52: 3 | M52: 3 | N52: 3 | O52: 3 | P52: 3 | Q52: 3 | R52: 3 | S52: 3 | T52: 3 | U52: 3 | V52: 0 | W52: 0 | X52: 0 | Y52: 0 | Z52: 0
C53: Code front-end cho Thống kê và báo cáo | E53: Hiệu | G53: 2 | H53: 2 | I53: 2 | J53: 2 | K53: 2 | L53: 2 | M53: 2 | N53: 2 | O53: 2 | P53: 2 | Q53: 2 | R53: 2 | S53: 2 | T53: 2 | U53: 2 | V53: 0 | W53: 0 | X53: 0 | Y53: 0 | Z53: 0
C54: Integrate code | E54: All team | G54: 8 | H54: 10 | I54: 10 | J54: 10 | K54: 10 | L54: 10 | M54: 10 | N54: 10 | O54: 10 | P54: 10 | Q54: 10 | R54: 10 | S54: 10 | T54: 10 | U54: 8 | V54: 0 | W54: 0 | X54: 0 | Y54: 0 | Z54: 0
V55: 2
B56: Testing | C56: Kiểm tra Đánh giá và bình luận phim | E56: Tài | G56: 1 | H56: 1 | I56: 1 | J56: 1 | K56: 1 | L56: 1 | M56: 1 | N56: 1 | O56: 1 | P56: 1 | Q56: 1 | R56: 1 | S56: 1 | T56: 1 | U56: 1 | V56: 1 | W56: 0 | X56: 0 | Y56: 0 | Z56: 0
C57: Kiểm tra Xem lịch sử đặt vé | E57: Tài | G57: 1 | H57: 1 | I57: 1 | J57: 1 | K57: 1 | L57: 1 | M57: 1 | N57: 1 | O57: 1 | P57: 1 | Q57: 1 | R57: 1 | S57: 1 | T57: 1 | U57: 1 | V57: 1 | W57: 0 | X57: 0 | Y57: 0 | Z57: 0
C58: Kiểm tra Xem sơ đồ phòng chiếu 3D | E58: Thức | G58: 1 | H58: 1 | I58: 1 | J58: 1 | K58: 1 | L58: 1 | M58: 1 | N58: 1 | O58: 1 | P58: 1 | Q58: 1 | R58: 1 | S58: 1 | T58: 1 | U58: 1 | V58: 1 | W58: 0 | X58: 0 | Y58: 0 | Z58: 0
C59: Kiểm tra Chatbot AI | E59: Thức | G59: 1 | H59: 1 | I59: 1 | J59: 1 | K59: 1 | L59: 1 | M59: 1 | N59: 1 | O59: 1 | P59: 1 | Q59: 1 | R59: 1 | S59: 1 | T59: 1 | U59: 1 | V59: 1 | W59: 0 | X59: 0 | Y59: 0 | Z59: 0
C60: Kiểm tra Quản lý thành viên | E60: Việt | G60: 1 | H60: 1 | I60: 1 | J60: 1 | K60: 1 | L60: 1 | M60: 1 | N60: 1 | O60: 1 | P60: 1 | Q60: 1 | R60: 1 | S60: 1 | T60: 1 | U60: 1 | V60: 1 | W60: 0 | X60: 0 | Y60: 0 | Z60: 0
C61: Kiểm tra Quản lý bình luận | E61: Thức | G61: 1 | H61: 1 | I61: 1 | J61: 1 | K61: 1 | L61: 1 | M61: 1 | N61: 1 | O61: 1 | P61: 1 | Q61: 1 | R61: 1 | S61: 1 | T61: 1 | U61: 1 | V61: 1 | W61: 0 | X61: 0 | Y61: 0 | Z61: 0
C62: Kiểm tra Thống kê và báo cáo | E62: Vinh | G62: 1 | H62: 1 | I62: 1 | J62: 1 | K62: 1 | L62: 1 | M62: 1 | N62: 1 | O62: 1 | P62: 1 | Q62: 1 | R62: 1 | S62: 1 | T62: 1 | U62: 1 | V62: 1 | W62: 0 | X62: 0 | Y62: 0 | Z62: 0
B63: Fix Bug | C63: Sửa lỗi Đánh giá và bình luận phim | E63: Hiệu, Việt | G63: 1 | H63: 2 | I63: 2 | J63: 2 | K63: 2 | L63: 2 | M63: 2 | N63: 2 | O63: 2 | P63: 2 | Q63: 2 | R63: 2 | S63: 2 | T63: 2 | U63: 2 | V63: 2 | W63: 1 | X63: 0 | Y63: 0 | Z63: 0
X64: 1
C65: Sửa lỗi Xem lịch sử đặt vé | E65: Hiệu, Việt | G65: 2 | H65: 2 | I65: 2 | J65: 2 | K65: 2 | L65: 2 | M65: 2 | N65: 2 | O65: 2 | P65: 2 | Q65: 2 | R65: 2 | S65: 2 | T65: 2 | U65: 2 | V65: 2 | W65: 2 | X65: 0 | Y65: 0 | Z65: 0
C66: Sửa lỗi Xem sơ đồ phòng chiếu 3D | E66: Hiệu, Việt | G66: 2 | H66: 2 | I66: 2 | J66: 2 | K66: 2 | L66: 2 | M66: 2 | N66: 2 | O66: 2 | P66: 2 | Q66: 2 | R66: 2 | S66: 2 | T66: 2 | U66: 2 | V66: 2 | W66: 2 | X66: 0 | Y66: 0 | Z66: 0
C67: Sửa lỗi Chatbot AI | E67: Hiệu, Tài | G67: 4 | H67: 2 | I67: 2 | J67: 2 | K67: 2 | L67: 2 | M67: 2 | N67: 2 | O67: 2 | P67: 2 | Q67: 2 | R67: 2 | S67: 2 | T67: 2 | U67: 2 | V67: 2 | W67: 2 | X67: 0 | Y67: 0 | Z67: 0
X68: 2
C69: Sữa lỗi Quản lý thành viên | E69: Hiệu, Tài | G69: 2 | H69: 2 | I69: 2 | J69: 2 | K69: 2 | L69: 2 | M69: 2 | N69: 2 | O69: 2 | P69: 2 | Q69: 2 | R69: 2 | S69: 2 | T69: 2 | U69: 2 | V69: 2 | W69: 2 | X69: 0 | Y69: 0 | Z69: 0
C70: Sữa lỗi Quản lý bình luận | E70: Hiệu, Tài | G70: 2 | H70: 2 | I70: 2 | J70: 2 | K70: 2 | L70: 2 | M70: 2 | N70: 2 | O70: 2 | P70: 2 | Q70: 2 | R70: 2 | S70: 2 | T70: 2 | U70: 2 | V70: 2 | W70: 2 | X70: 0 | Y70: 0 | Z70: 0
C71: Sữa lỗi Thống kê và báo cáo | E71: Hiệu, Tài | G71: 2 | H71: 2 | I71: 2 | J71: 2 | K71: 2 | L71: 2 | M71: 2 | N71: 2 | O71: 2 | P71: 2 | Q71: 2 | R71: 2 | S71: 2 | T71: 2 | U71: 2 | V71: 2 | W71: 2 | X71: 0 | Y71: 0 | Z71: 0
B72: Re-testing | C72: Kiểm tra lại Đánh giá và bình luận phim | E72: Vinh | G72: 1 | H72: 1 | I72: 1 | J72: 1 | K72: 1 | L72: 1 | M72: 1 | N72: 1 | O72: 1 | P72: 1 | Q72: 1 | R72: 1 | S72: 1 | T72: 1 | U72: 1 | V72: 1 | W72: 1 | X72: 1 | Y72: 0 | Z72: 0
C73: Kiểm tra lại Xem lịch sử đặt vé | E73: Tài | G73: 1 | H73: 1 | I73: 1 | J73: 1 | K73: 1 | L73: 1 | M73: 1 | N73: 1 | O73: 1 | P73: 1 | Q73: 1 | R73: 1 | S73: 1 | T73: 1 | U73: 1 | V73: 1 | W73: 1 | X73: 1 | Y73: 0 | Z73: 0
C74: Kiểm tra lại Xem sơ đồ phòng chiếu 3D | E74: Thức | G74: 1 | H74: 1 | I74: 1 | J74: 1 | K74: 1 | L74: 1 | M74: 1 | N74: 1 | O74: 1 | P74: 1 | Q74: 1 | R74: 1 | S74: 1 | T74: 1 | U74: 1 | V74: 1 | W74: 1 | X74: 1 | Y74: 0 | Z74: 0
C75: Kiểm tra lại Chatbot AI | E75: Thức | G75: 1 | H75: 1 | I75: 1 | J75: 1 | K75: 1 | L75: 1 | M75: 1 | N75: 1 | O75: 1 | P75: 1 | Q75: 1 | R75: 1 | S75: 1 | T75: 1 | U75: 1 | V75: 1 | W75: 1 | X75: 1 | Y75: 0 | Z75: 0
C76: Kiểm tra lại Quản lý thành viên | E76: Việt | G76: 1 | H76: 1 | I76: 1 | J76: 1 | K76: 1 | L76: 1 | M76: 1 | N76: 1 | O76: 1 | P76: 1 | Q76: 1 | R76: 1 | S76: 1 | T76: 1 | U76: 1 | V76: 1 | W76: 1 | X76: 1 | Y76: 0 | Z76: 0
C77: Kiểm tra lại Quản lý bình luận | E77: Thức | G77: 1 | H77: 1 | I77: 1 | J77: 1 | K77: 1 | L77: 1 | M77: 1 | N77: 1 | O77: 1 | P77: 1 | Q77: 1 | R77: 1 | S77: 1 | T77: 1 | U77: 1 | V77: 1 | W77: 1 | X77: 1 | Y77: 0 | Z77: 0
C78: Kiểm tra lạiThống kê và báo cáo | E78: Vinh | G78: 2 | H78: 1 | I78: 1 | J78: 1 | K78: 1 | L78: 1 | M78: 1 | N78: 1 | O78: 1 | P78: 1 | Q78: 1 | R78: 1 | S78: 1 | T78: 1 | U78: 1 | V78: 1 | W78: 1 | X78: 1 | Y78: 0 | Z78: 0
Y79: 1
B80: Release Sprint 2 | C80: Sprint 3 review meeting | E80: All team | G80: 5 | H80: 5 | I80: 5 | J80: 5 | K80: 5 | L80: 5 | M80: 5 | N80: 5 | O80: 5 | P80: 5 | Q80: 5 | R80: 5 | S80: 5 | T80: 5 | U80: 5 | V80: 5 | W80: 5 | X80: 5 | Y80: 5 | Z80: 0
C81: Sprint 3 retrospective | E81: All team | G81: 5 | H81: 5 | I81: 5 | J81: 5 | K81: 5 | L81: 5 | M81: 5 | N81: 5 | O81: 5 | P81: 5 | Q81: 5 | R81: 5 | S81: 5 | T81: 5 | U81: 5 | V81: 5 | W81: 5 | X81: 5 | Y81: 5 | Z81: 0
B82: Tổng | E82: Thực tế | G82: =SUM(G16:G81) -> 128 | I82: =SUM(I16:I81) -> 130 | J82: =SUM(J16:J81) -> 119 | K82: =SUM(K16:K81)-1 -> 116 | L82: =SUM(L16:L81) -> 110 | M82: =SUM(M16:M81)-1 -> 101 | N82: =SUM(N16:N81)-M29 -> 92 | O82: =SUM(O16:O81) -> 89 | P82: =SUM(P16:P81)-3 -> 80 | Q82: =SUM(Q16:Q81)-P38 -> 67 | R82: =SUM(R16:R81) -> 65 | S82: =SUM(S16:S81)+2 -> 67 | T82: =SUM(T16:T81) -> 58 | U82: =SUM(U16:U81) -> 51 | V82: =SUM(V16:V81)-2 -> 38 | W82: =SUM(W16:W81)-V55 -> 28 | X82: =SUM(X16:X81)+1 -> 21 | Y82: =SUM(Y16:Y81) -> 11 | Z82: =SUM(Z16:Z81) -> 0
E83: Ước tính | G83: =SUM(H16:H81) -> 130 | I83: =SUM(I16:I81) -> 130 | J83: =SUM(J16:J81) -> 119 | K83: =SUM(K16:K81) -> 117 | L83: =SUM(L16:L81) -> 110 | M83: =SUM(M16:M81) -> 102 | N83: =SUM(N16:N81)-M29 -> 92 | O83: =SUM(O16:O81) -> 89 | P83: =SUM(P16:P81) -> 83 | Q83: =SUM(Q16:Q81)-P38 -> 67 | R83: =SUM(R16:R81) -> 65 | S83: =SUM(S16:S81) -> 65 | T83: =SUM(T16:T81) -> 58 | U83: =SUM(U16:U81) -> 51 | V83: =SUM(V16:V81) -> 40 | W83: =SUM(W16:W81)-V55 -> 28 | X83: =SUM(X16:X81) -> 20 | Y83: =Y82-1 -> 10 | Z83: 0

Sheet Total
A1: SPRINT BACKLOG REPORT
B2: Hiệu | D2: Thức | F2: Tài | H2: Vinh | J2: Việt
B3: Thực tế | C3: Ước tính | D3: Thực tế | E3: Ước tính | F3: Thực tế | G3: Ước tính | H3: Thực tế | I3: Ước tính | J3: Thực tế | K3: Ước tính
A4: Sprint 1 | B4: ='Sprint 1'!$D$8 -> 44.8 | C4: ='Sprint 1'!$E$8 -> 44 | D4: ='Sprint 1'!$D$9 -> 18.8 | E4: ='Sprint 1'!$E$9 -> 20.5 | F4: ='Sprint 1'!$D$10 -> 21.8 | G4: ='Sprint 1'!$E$10 -> 24.5 | H4: ='Sprint 1'!$D$11 -> 23.8 | I4: ='Sprint 1'!$E$11 -> 26.5 | J4: ='Sprint 1'!$D$12 -> 16.8 | K4: ='Sprint 1'!$E$12 -> 18.5
A5: Sprint 2 | B5: ='Sprint 2'!D8 -> 39.8 | C5: ='Sprint 2'!$E$8 -> 39 | D5: ='Sprint 2'!D9 -> 21.8 | E5: ='Sprint 2'!$E$9 -> 21 | F5: ='Sprint 2'!D10 -> 22.8 | G5: ='Sprint 2'!$E$10 -> 21 | H5: ='Sprint 2'!D11 -> 12.8 | I5: ='Sprint 2'!$E$11 -> 14 | J5: ='Sprint 2'!D12 -> 18.8 | K5: ='Sprint 2'!$E$12 -> 20
A6: Sprint 3 | B6: ='Sprint 3'!$D$8 -> 48.1 | C6: ='Sprint 3'!$E$8 -> 47 | D6: ='Sprint 3'!$D$9 -> 16.1 | E6: ='Sprint 3'!$E$9 -> 17.5 | F6: ='Sprint 3'!$D$10 -> 16.1 | G6: ='Sprint 3'!$E$10 -> 15.5 | H6: ='Sprint 3'!$D$11 -> 16.1 | I6: ='Sprint 3'!$E$11 -> 16.5 | J6: ='Sprint 3'!$D$12 -> 15.6 | K6: ='Sprint 3'!$E$12 -> 17.5
A7: Tổng | B7: =SUM(B4:B6) -> 132.7 | C7: =SUM(C4:C6) -> 130 | D7: =SUM(D4:D6) -> 56.7 | E7: =SUM(E4:E6) -> 59 | F7: =SUM(F4:F6) -> 60.7 | G7: =SUM(G4:G6) -> 61 | H7: =SUM(H4:H6) -> 52.7 | I7: =SUM(I4:I6) -> 57 | ... K7: =SUM(K4:K6) -> 56
E10: FINAL TOTAL
E11: Thực tế | F11: =SUMIF($B$3:$K$3,"Thực tế",$B$7:$K$7) -> 354
E12: Ước tính | F12: =SUMIF($B$3:$K$3,"Ước tính",$B$7:$K$7) -> 363
